epoch,loss,val_loss
0,0.6221350431442261,2.883920669555664
1,0.5119783878326416,0.48769357800483704
2,0.4762918949127197,0.5069429874420166
3,0.45643186569213867,0.4794251322746277
